id,human_readable_id,source,target,description,weight,combined_degree,text_unit_ids
38b39bd7-6467-40ea-9d03-49a1354cb9c3,0,MANUEL HUANCACHOQUE,ANDRÉS CHUQUITAPA,"Manuel Huancachoque y Andrés Chuquitapa estuvieron involucrados en una serie de conflictos en Tinta durante el periodo colonial. Manuel Huancachoque acusó a Andrés Chuquitapa, quien era el cacique y alcalde mayor de Tinta, de maltratos e injurias, tanto hacia él como hacia los indios tributarios. Huancachoque denunció a Chuquitapa por ocultar indios fuera de matrícula, lo que sugiere un intento de evadir el control colonial sobre la población indígena. Como represalia, Huancachoque afirmó haber sido víctima de maltratos y tropelías por parte de Chuquitapa, quien también fue acusado de liderar actos de violencia en la región. Sin embargo, Huancachoque fue acusado de falsedad y de intentar sublevar a los indios contra Chuquitapa, lo que indica un contexto de tensiones y disputas de poder en la administración local de Tinta.",66.0,44,"['0449a76afd55ec1ad340511a2a334d3d0e3faf9184d0d94997cacdcad5fe632f7c519e0992db028f4ac979f29767f7c604e2332d702d1a1fe8bfa6aa85d3bcfb'
 '24503ee42054d27f1e74c0adc8e8f3b952fe57e1474e3f377de153ba8f8c8f954e165e1c52e9ae8893a77f359b9c022df6b5838acf7bd2efac84489c4f88057f'
 '32ff9b2a2e365706d5c8e7ec24009285b0ede81f2a4d2d9bcb54c462b332a1dca68935351b8b8396106d44f7bf4598488f3b8bfcdcd1e7aa48d30414b6cd9301'
 'fb8515c9763bb00eeb0bfc98359372a0d64382eb4725b1134e9293b7cbfd2bb4a0e84b6f546f1cc9621abd6454e756f8bedac63cba6072cfb0c5ebbcc18e5360'
 'def17fb0e1737486aa172a878494bfb1e4a549eb4cb10ce54e7568ca71ee7775162868494aa2ac1f2a473bc91fd7b6e8ca742ae28099ab10b55bc72d2dc240e9'
 'fbdc3cae34b0ce0aecfcac241bdf2ab820cbcdaa5997e0c88497bad01a145afcf23b4914f5b4818de3c6f3bbf102c573f3ed105bb3476ffe7476f3aa6f9f3c5b'
 '169b8e27bd606bf36304b2dc773aaefa6e11439128f79115887e23cb492ab716e0d56278909e89c694ebaf6bb447a98d9803a593225515c7c86c194ecf7c338d']"
ae5863ad-2fea-4d72-875b-91cd17df26c9,1,MANUEL HUANCACHOQUE,ISIDRO CANO,"Isidro Cano certifica los maltratos sufridos por Manuel Huancachoque y los actos de violencia cometidos por los indios bajo la orden de Andrés Chuquitapa. Además, Isidro Cano informó sobre el levantamiento de los indios armados que ocurrió mientras Manuel Huancachoque estaba preso. Estos eventos reflejan la tensa situación social y política en los Andes coloniales, donde las tensiones entre las autoridades coloniales y las comunidades indígenas a menudo resultaban en conflictos violentos. La figura de Manuel Huancachoque, en este contexto, parece ser central en los eventos descritos, posiblemente como víctima de las circunstancias represivas de la época.",15.0,36,"['0449a76afd55ec1ad340511a2a334d3d0e3faf9184d0d94997cacdcad5fe632f7c519e0992db028f4ac979f29767f7c604e2332d702d1a1fe8bfa6aa85d3bcfb'
 '5820a90c905d8b7be94bf0f50625f67e90e2f2aea63590cf9f938ff9cd00ee9a6f199ebc1b0cc47384cff2aa03183d802e859c3fac30430ae7d7f334d6291d97']"
2e38907e-1207-4732-9ad9-066e56ecbb91,2,MANUEL HUANCACHOQUE,SANTIAGO CAZORLA,Santiago Cazorla certifica el servicio de Manuel Huancachoque en su compañía y los maltratos que ha sufrido.,7.0,35,['0449a76afd55ec1ad340511a2a334d3d0e3faf9184d0d94997cacdcad5fe632f7c519e0992db028f4ac979f29767f7c604e2332d702d1a1fe8bfa6aa85d3bcfb']
68ebc669-6626-46b4-ae2a-8390007531f6,3,MANUEL HUANCACHOQUE,JUAN QUIÑONES,Juan Quiñones certifica los maltratos sufridos por Manuel Huancachoque y los intentos de asesinato por parte de los indios bajo la influencia de Andrés Chuquitapa.,8.0,35,['0449a76afd55ec1ad340511a2a334d3d0e3faf9184d0d94997cacdcad5fe632f7c519e0992db028f4ac979f29767f7c604e2332d702d1a1fe8bfa6aa85d3bcfb']
c9801861-fdf9-497d-83c0-4b9b6638037f,4,MANUEL HUANCACHOQUE,REAL HACIENDA,"Manuel Huancachoque, un individuo involucrado en asuntos legales y administrativos en los Andes coloniales, presentó denuncias sobre irregularidades y robos que afectaban a la Real Hacienda, una institución clave en la administración colonial encargada de la recaudación de impuestos y la gestión de los recursos del Estado. Estas acciones de Huancachoque, orientadas a proteger los intereses de la Real Hacienda, resultaron en su encarcelamiento y en represalias en su contra, reflejando las complejas dinámicas de poder y las tensiones inherentes en la sociedad colonial andina del siglo XVIII.",8.0,34,"['0449a76afd55ec1ad340511a2a334d3d0e3faf9184d0d94997cacdcad5fe632f7c519e0992db028f4ac979f29767f7c604e2332d702d1a1fe8bfa6aa85d3bcfb'
 '4ce47ef99f1d789556357efcd125fb9ec2cfe321a60756ea8c26fd2123fe22198b2e5f8e5ca8d0e7ba30dfde1c6477e2ce3d1f6f5b074bc0768f748350b774f1']"
5a446883-6c51-49be-9a8c-83b11aee8959,5,ANDRÉS CHUQUITAPA,MIGUEL OREY,Miguel Orey fue víctima de un alzamiento violento por parte de los indios bajo la influencia de Andrés Chuquitapa.,7.0,12,['0449a76afd55ec1ad340511a2a334d3d0e3faf9184d0d94997cacdcad5fe632f7c519e0992db028f4ac979f29767f7c604e2332d702d1a1fe8bfa6aa85d3bcfb']
bcba2889-2394-47e0-8c44-3c7c95740f8a,6,ANDRÉS CHUQUITAPA,TÚPAC AMARU,"Andrés Chuquitapa fue un coronel que desempeñó un papel significativo durante la rebelión liderada por Túpac Amaru en el siglo XVIII en el Virreinato del Perú. Como cómplice de Túpac Amaru, Chuquitapa no solo participó activamente en la insurrección, sino que también expresó abiertamente su apoyo al líder insurgente. La rebelión de Túpac Amaru, que comenzó en 1780, fue un levantamiento indígena contra las autoridades coloniales españolas, motivado por el descontento con las injusticias y abusos sufridos por las comunidades indígenas. La participación de Chuquitapa en este movimiento refleja las tensiones socio-políticas de la época y su compromiso con la causa de Túpac Amaru, quien buscaba mejorar las condiciones de vida de los pueblos indígenas y desafiar el dominio colonial.",11.0,16,"['0449a76afd55ec1ad340511a2a334d3d0e3faf9184d0d94997cacdcad5fe632f7c519e0992db028f4ac979f29767f7c604e2332d702d1a1fe8bfa6aa85d3bcfb'
 '5820a90c905d8b7be94bf0f50625f67e90e2f2aea63590cf9f938ff9cd00ee9a6f199ebc1b0cc47384cff2aa03183d802e859c3fac30430ae7d7f334d6291d97']"
7350d850-5f20-49d5-9c81-acb0628c2900,7,ANDRÉS CHUQUITAPA,AYLLU TINTA,"Andrés Chuquitapa es el cacique del Ayllu Tinta, donde lidera y es responsable de los actos de violencia y maltratos.",8.0,13,['0449a76afd55ec1ad340511a2a334d3d0e3faf9184d0d94997cacdcad5fe632f7c519e0992db028f4ac979f29767f7c604e2332d702d1a1fe8bfa6aa85d3bcfb']
e5ba76f1-1c97-4ea9-a5c5-0d262e6f1df2,8,JAVIER APARICIO,TINTA,Javier Aparicio es mencionado como testigo de los eventos violentos que ocurrieron en Tinta.,1.0,8,['0449a76afd55ec1ad340511a2a334d3d0e3faf9184d0d94997cacdcad5fe632f7c519e0992db028f4ac979f29767f7c604e2332d702d1a1fe8bfa6aa85d3bcfb']
5ddcd39c-2615-4cff-af3e-ad282cbcc129,9,JAVIER APARICIO,SAN PEDRO DE CACHA,"Javier Aparicio es un soldado español originario de San Pedro de Cacha, mencionado como testigo de los eventos en Tinta.",1.0,3,['0449a76afd55ec1ad340511a2a334d3d0e3faf9184d0d94997cacdcad5fe632f7c519e0992db028f4ac979f29767f7c604e2332d702d1a1fe8bfa6aa85d3bcfb']
a0673634-6e92-4e4d-b6d5-716784154b2f,10,JUAN CAZORLA,MANUEL HUANCACHOQUE,Juan Cazorla relata los disturbios y la violencia sufrida por Manuel Huancachoque en San Pedro de Cacha.,7.0,35,['12ecd7c50e9c677df7e4127a1ea4de59f872f9eef638be0b979a40289364f6f32f4e5ddb760bc1e94313ce1ac2234c8073abad37bcfda5c68674b23820d1ff2f']
6d600887-a9c4-4be7-bd2e-a3c2269c8cce,11,FERNANDO ORUE,MANUEL HUANCACHOQUE,Fernando Orue atestigua sobre el alboroto causado por los indios del Ayllu de Tinta contra Manuel Huancachoque.,8.0,35,['12ecd7c50e9c677df7e4127a1ea4de59f872f9eef638be0b979a40289364f6f32f4e5ddb760bc1e94313ce1ac2234c8073abad37bcfda5c68674b23820d1ff2f']
f3cf38d5-eb1e-465e-8e75-fa854711cf50,12,MANUEL HUANCACHOQUE,DON ANDRÉS CHOQUITAPA,Manuel Huancachoque denunció a Don Andrés Choquitapa por ocultar indios tributarios.,9.0,34,['12ecd7c50e9c677df7e4127a1ea4de59f872f9eef638be0b979a40289364f6f32f4e5ddb760bc1e94313ce1ac2234c8073abad37bcfda5c68674b23820d1ff2f']
fb4eaa44-c95b-4258-92cb-368e25fe4e38,13,MANUEL HUANCACHOQUE,MARTÍN CAZORLA,Martín Cazorla certifica el maltrato sufrido por Manuel Huancachoque y defiende su denuncia a favor de la Real Hacienda.,8.0,34,['12ecd7c50e9c677df7e4127a1ea4de59f872f9eef638be0b979a40289364f6f32f4e5ddb760bc1e94313ce1ac2234c8073abad37bcfda5c68674b23820d1ff2f']
3a0b8ce7-6ead-46ce-904d-40005f617782,14,MANUEL HUANCACHOQUE,SEÑOR FISCAL PROTECTOR GENERAL DE NATURALES,El Señor Fiscal Protector General de Naturales está involucrado en el proceso de investigación de la denuncia presentada por Manuel Huancachoque.,7.0,34,['12ecd7c50e9c677df7e4127a1ea4de59f872f9eef638be0b979a40289364f6f32f4e5ddb760bc1e94313ce1ac2234c8073abad37bcfda5c68674b23820d1ff2f']
4c31d452-885e-4f49-8f10-fdff8d611a89,15,TÚPAC AMARU,AYLLU TINTA,Túpac Amaru es mencionado como un insurgente a favor del cual algunos indios del Ayllu de Tinta se alzaron.,6.0,7,['12ecd7c50e9c677df7e4127a1ea4de59f872f9eef638be0b979a40289364f6f32f4e5ddb760bc1e94313ce1ac2234c8073abad37bcfda5c68674b23820d1ff2f']
e0757af0-1f73-4a54-9cfb-c24fe4428c0d,16,TÚPAC AMARU,DON JUAN ANTONIO REPARAZ,Don Juan Antonio Reparaz fue el corregidor durante un alzamiento relacionado con Túpac Amaru.,1.0,6,['12ecd7c50e9c677df7e4127a1ea4de59f872f9eef638be0b979a40289364f6f32f4e5ddb760bc1e94313ce1ac2234c8073abad37bcfda5c68674b23820d1ff2f']
546a47bd-bd76-44bd-9123-ffb2d2edba30,17,TINTA,CUSCO,Cusco es la ciudad donde se emitieron órdenes para investigar las denuncias ocurridas en Tinta.,1.0,7,['12ecd7c50e9c677df7e4127a1ea4de59f872f9eef638be0b979a40289364f6f32f4e5ddb760bc1e94313ce1ac2234c8073abad37bcfda5c68674b23820d1ff2f']
70666143-e393-44a2-961b-73a8ff6f9806,18,MANUEL HUANCACHOQUE,PRESIDENTE,Manuel Huancachoque solicita al Presidente protección y justicia por los maltratos sufridos debido a su denuncia.,7.0,34,['24503ee42054d27f1e74c0adc8e8f3b952fe57e1474e3f377de153ba8f8c8f954e165e1c52e9ae8893a77f359b9c022df6b5838acf7bd2efac84489c4f88057f']
631552cb-e264-48d2-847e-639965d3d3b8,19,MANUEL HUANCACHOQUE,TINTA,Tinta es el lugar donde Manuel Huancachoque ha sufrido maltratos y encarcelamiento tras su denuncia.,1.0,39,['24503ee42054d27f1e74c0adc8e8f3b952fe57e1474e3f377de153ba8f8c8f954e165e1c52e9ae8893a77f359b9c022df6b5838acf7bd2efac84489c4f88057f']
bbea1747-9daf-4a05-b20f-6b14abeb148a,20,MANUEL HUANCACHOQUE,FISCAL DE SU MAJESTAD,El Fiscal de su Majestad acompaña el escrito de Manuel Huancachoque y solicita medidas para protegerlo de los maltratos sufridos.,8.0,35,['24503ee42054d27f1e74c0adc8e8f3b952fe57e1474e3f377de153ba8f8c8f954e165e1c52e9ae8893a77f359b9c022df6b5838acf7bd2efac84489c4f88057f']
5eb182c2-dfe7-4a38-af1e-ccfbcad9df34,21,ANDRÉS CHUQUITAPA,FISCAL DE SU MAJESTAD,El Fiscal de su Majestad solicita que se tomen medidas para que Andrés Chuquitapa no cause más daño a Manuel Huancachoque.,1.0,13,['24503ee42054d27f1e74c0adc8e8f3b952fe57e1474e3f377de153ba8f8c8f954e165e1c52e9ae8893a77f359b9c022df6b5838acf7bd2efac84489c4f88057f']
c995b715-1f2a-4ab7-a451-af195d7b5a1b,22,MANUEL HUANCACHOQUE,LUIS GÓMEZ DEL RÍO,Luis Gómez del Río participó en la revisión de las denuncias presentadas por Manuel Huancachoque.,7.0,35,['32ff9b2a2e365706d5c8e7ec24009285b0ede81f2a4d2d9bcb54c462b332a1dca68935351b8b8396106d44f7bf4598488f3b8bfcdcd1e7aa48d30414b6cd9301']
81bfa2df-c9be-4a81-b63f-c9bf6c8812a1,23,MANUEL HUANCACHOQUE,MANUEL GALEANO,Manuel Galeano mandó comparecer a Manuel Huancachoque para recibir su declaración sobre las denuncias.,7.0,34,['32ff9b2a2e365706d5c8e7ec24009285b0ede81f2a4d2d9bcb54c462b332a1dca68935351b8b8396106d44f7bf4598488f3b8bfcdcd1e7aa48d30414b6cd9301']
6f3a5a3b-3051-4bd8-9c87-edc02e99fe23,24,MANUEL HUANCACHOQUE,MANUEL VALENCIA,Manuel Valencia asistió a Manuel Huancachoque durante su declaración como abogado protector.,6.0,34,['32ff9b2a2e365706d5c8e7ec24009285b0ede81f2a4d2d9bcb54c462b332a1dca68935351b8b8396106d44f7bf4598488f3b8bfcdcd1e7aa48d30414b6cd9301']
cef5c987-a957-4874-afb2-fa0989f820c0,25,MANUEL HUANCACHOQUE,JUAN CLEMENTE JORDÁN,"Juan Clemente Jordán firmó el documento junto con Manuel Huancachoque, indicando su participación o testimonio en el proceso.",5.0,34,['32ff9b2a2e365706d5c8e7ec24009285b0ede81f2a4d2d9bcb54c462b332a1dca68935351b8b8396106d44f7bf4598488f3b8bfcdcd1e7aa48d30414b6cd9301']
325064ba-29b6-4736-883a-0586b04d5bbe,26,MANUEL HUANCACHOQUE,MARCOS SALCEDO,"Marcos Salcedo firmó el documento junto con Manuel Huancachoque, indicando su participación o testimonio en el proceso.",5.0,34,['32ff9b2a2e365706d5c8e7ec24009285b0ede81f2a4d2d9bcb54c462b332a1dca68935351b8b8396106d44f7bf4598488f3b8bfcdcd1e7aa48d30414b6cd9301']
f07be952-c021-4ef7-9020-b67b6220b2b4,27,MANUEL HUANCACHOQUE,ESCRIBANO,El escribano documentó la declaración de Manuel Huancachoque durante el proceso legal.,1.0,34,['32ff9b2a2e365706d5c8e7ec24009285b0ede81f2a4d2d9bcb54c462b332a1dca68935351b8b8396106d44f7bf4598488f3b8bfcdcd1e7aa48d30414b6cd9301']
af5f71b7-e26e-4a38-8293-ed3586454fb2,28,LUIS GÓMEZ DEL RÍO,REAL AUDIENCIA,"Luis Gómez del Río es fiscal en la Real Audiencia, participando en la revisión de las denuncias.",6.0,3,['32ff9b2a2e365706d5c8e7ec24009285b0ede81f2a4d2d9bcb54c462b332a1dca68935351b8b8396106d44f7bf4598488f3b8bfcdcd1e7aa48d30414b6cd9301']
14ca56ce-3ec1-4a0c-b616-1a22bcb2d9ec,29,CUZCO,TINTA,"Cuzco es la ciudad donde se emitieron órdenes para investigar las denuncias, quejas y eventos ocurridos en Tinta. Durante el periodo colonial, Cuzco desempeñó un papel crucial como centro administrativo y judicial en la región andina, siendo el lugar desde donde se gestionaban y supervisaban las investigaciones relacionadas con las actividades y conflictos en localidades cercanas como Tinta. Esta dinámica refleja la estructura jerárquica y centralizada del sistema colonial español, donde las ciudades principales como Cuzco actuaban como núcleos de control y administración sobre los territorios circundantes.",17.0,9,"['32ff9b2a2e365706d5c8e7ec24009285b0ede81f2a4d2d9bcb54c462b332a1dca68935351b8b8396106d44f7bf4598488f3b8bfcdcd1e7aa48d30414b6cd9301'
 'fb8515c9763bb00eeb0bfc98359372a0d64382eb4725b1134e9293b7cbfd2bb4a0e84b6f546f1cc9621abd6454e756f8bedac63cba6072cfb0c5ebbcc18e5360'
 'fbdc3cae34b0ce0aecfcac241bdf2ab820cbcdaa5997e0c88497bad01a145afcf23b4914f5b4818de3c6f3bbf102c573f3ed105bb3476ffe7476f3aa6f9f3c5b'
 '169b8e27bd606bf36304b2dc773aaefa6e11439128f79115887e23cb492ab716e0d56278909e89c694ebaf6bb447a98d9803a593225515c7c86c194ecf7c338d']"
1522265b-6396-4916-ba7e-99fb0f975cb7,30,CUZCO,ANTONIO CHACÓN,"Antonio Chacón firmó el documento en Cuzco, indicando su participación en el proceso legal.",4.0,4,['32ff9b2a2e365706d5c8e7ec24009285b0ede81f2a4d2d9bcb54c462b332a1dca68935351b8b8396106d44f7bf4598488f3b8bfcdcd1e7aa48d30414b6cd9301']
6491a144-4e8c-4c6f-9076-806651843bfd,31,MANUEL HUANCACHOQUE,PEDRO DE LA MATA,"Pedro de la Mata desempeñó un papel crucial en el proceso judicial relacionado con Manuel Huancachoque en la región de Tinta. De la Mata no solo informó sobre las diligencias realizadas y las acusaciones presentadas contra Huancachoque, sino que también ordenó una investigación exhaustiva sobre las denuncias que este último había presentado. Además, participó activamente en la recolección de información y declaraciones, lo que indica su involucramiento directo en el esclarecimiento de los hechos y en la administración de justicia en este caso particular.",27.0,36,"['fb8515c9763bb00eeb0bfc98359372a0d64382eb4725b1134e9293b7cbfd2bb4a0e84b6f546f1cc9621abd6454e756f8bedac63cba6072cfb0c5ebbcc18e5360'
 '4ce47ef99f1d789556357efcd125fb9ec2cfe321a60756ea8c26fd2123fe22198b2e5f8e5ca8d0e7ba30dfde1c6477e2ce3d1f6f5b074bc0768f748350b774f1'
 'fbdc3cae34b0ce0aecfcac241bdf2ab820cbcdaa5997e0c88497bad01a145afcf23b4914f5b4818de3c6f3bbf102c573f3ed105bb3476ffe7476f3aa6f9f3c5b']"
724bd6f5-0ed0-4d03-9c7e-d6aa71e1d310,32,ANDRÉS CHUQUITAPA,MARIANO FIGUEROA,Mariano Figueroa notificó a Andrés Chuquitapa sobre las diligencias a realizar en el caso.,6.0,13,['fb8515c9763bb00eeb0bfc98359372a0d64382eb4725b1134e9293b7cbfd2bb4a0e84b6f546f1cc9621abd6454e756f8bedac63cba6072cfb0c5ebbcc18e5360']
7cfcbc6c-06f4-4fd5-918b-bd919cb93951,33,TINTA,RUIZ DE CASTILLA,Ruiz de Castilla envió un expediente al subdelegado de Tinta para investigar las denuncias de Manuel Huancachoque.,7.0,7,['fb8515c9763bb00eeb0bfc98359372a0d64382eb4725b1134e9293b7cbfd2bb4a0e84b6f546f1cc9621abd6454e756f8bedac63cba6072cfb0c5ebbcc18e5360']
2102b438-fd31-4e60-9bc8-2c1151cd75f6,34,TINTA,SICUANI,Desde Sicuani se recibió la orden para investigar las denuncias ocurridas en Tinta.,1.0,7,['fb8515c9763bb00eeb0bfc98359372a0d64382eb4725b1134e9293b7cbfd2bb4a0e84b6f546f1cc9621abd6454e756f8bedac63cba6072cfb0c5ebbcc18e5360']
0d303774-a558-4388-9fe7-197b8eebb5e2,35,ISIDRO CANO,MANUEL HUANCACHOQUE,Manuel Huancachoque solicitó a Isidro Cano que le proporcionara una certificación sobre los eventos ocurridos durante su encarcelamiento.,7.0,36,['4ce47ef99f1d789556357efcd125fb9ec2cfe321a60756ea8c26fd2123fe22198b2e5f8e5ca8d0e7ba30dfde1c6477e2ce3d1f6f5b074bc0768f748350b774f1']
46075b0f-03c9-44bf-8af1-f2dbba967068,36,ISIDRO CANO,SANTIAGO CAZORLA,Isidro Cano recibió información de Santiago Cazorla sobre el levantamiento de los indios durante la noche en que Manuel Huancachoque estuvo encarcelado.,5.0,5,['4ce47ef99f1d789556357efcd125fb9ec2cfe321a60756ea8c26fd2123fe22198b2e5f8e5ca8d0e7ba30dfde1c6477e2ce3d1f6f5b074bc0768f748350b774f1']
83d98e86-649b-4371-940b-063accfa4b0d,37,ISIDRO CANO,TÚPAC AMARU,Túpac Amaru comisionó a Isidro Cano durante su tiempo de actividad rebelde.,7.0,8,['4ce47ef99f1d789556357efcd125fb9ec2cfe321a60756ea8c26fd2123fe22198b2e5f8e5ca8d0e7ba30dfde1c6477e2ce3d1f6f5b074bc0768f748350b774f1']
ad40b8fe-17b0-4406-9232-ff1e2f30eec1,38,MANUEL HUANCACHOQUE,MARIANO CAZORLA,Mariano Cazorla fue llamado a declarar sobre los eventos relacionados con la encarcelación de Manuel Huancachoque.,6.0,35,['4ce47ef99f1d789556357efcd125fb9ec2cfe321a60756ea8c26fd2123fe22198b2e5f8e5ca8d0e7ba30dfde1c6477e2ce3d1f6f5b074bc0768f748350b774f1']
c3c4a369-b890-4bd5-810b-946c05123df7,39,MANUEL HUANCACHOQUE,REAL CÁRCEL,Manuel Huancachoque fue encarcelado en la Real Cárcel debido a sus denuncias en favor de la Real Hacienda.,8.0,34,['4ce47ef99f1d789556357efcd125fb9ec2cfe321a60756ea8c26fd2123fe22198b2e5f8e5ca8d0e7ba30dfde1c6477e2ce3d1f6f5b074bc0768f748350b774f1']
ce8f620f-a8b8-4297-b856-533d892a1815,40,MARIANO FIGUEROA,CELEDONIO APARICIO,Mariano Figueroa y Celedonio Aparicio fueron testigos en el proceso de certificación de declaraciones en el caso de Manuel Huancachoque.,1.0,3,['4ce47ef99f1d789556357efcd125fb9ec2cfe321a60756ea8c26fd2123fe22198b2e5f8e5ca8d0e7ba30dfde1c6477e2ce3d1f6f5b074bc0768f748350b774f1']
afd3081f-cfad-4d89-80c3-74b152c22150,41,MARIANO CAZORLA,SIMÓN ARCE,Simón Arce fue encargado por Mariano Cazorla de transcribir información sobre los eventos relacionados con Manuel Huancachoque.,6.0,3,['4ce47ef99f1d789556357efcd125fb9ec2cfe321a60756ea8c26fd2123fe22198b2e5f8e5ca8d0e7ba30dfde1c6477e2ce3d1f6f5b074bc0768f748350b774f1']
8a99413e-5eb3-4aea-8361-037f89f80d17,42,MANUEL HUANCACHOQUE,FERNANDO ORUE,Fernando Orue declaró sobre los eventos relacionados con la prisión de Manuel Huancachoque y el alboroto de los indios.,6.0,35,['5820a90c905d8b7be94bf0f50625f67e90e2f2aea63590cf9f938ff9cd00ee9a6f199ebc1b0cc47384cff2aa03183d802e859c3fac30430ae7d7f334d6291d97']
e0e7c86a-b30b-48db-bae1-5a13c7b681f7,43,MANUEL HUANCACHOQUE,ROSA,"Rosa, la madre de Huancachoque, visitó a su hijo mientras estaba preso, preocupada por las amenazas contra él.",6.0,34,['5820a90c905d8b7be94bf0f50625f67e90e2f2aea63590cf9f938ff9cd00ee9a6f199ebc1b0cc47384cff2aa03183d802e859c3fac30430ae7d7f334d6291d97']
451bb88b-46d8-49bc-8521-7d3eaff2a3f6,44,MANUEL HUANCACHOQUE,MADRE DE HUANCACHOQUE,La madre de Huancachoque expresó preocupación por las amenazas contra su hijo durante el levantamiento de los indios.,6.0,34,['5820a90c905d8b7be94bf0f50625f67e90e2f2aea63590cf9f938ff9cd00ee9a6f199ebc1b0cc47384cff2aa03183d802e859c3fac30430ae7d7f334d6291d97']
a0d2966b-d38d-4dff-8326-a35c454543cf,45,MANUEL HUANCACHOQUE,ESPOSA DE HUANCACHOQUE,"La esposa de Huancachoque lo visitó mientras estaba preso, mostrando apoyo durante su encarcelamiento.",5.0,34,['5820a90c905d8b7be94bf0f50625f67e90e2f2aea63590cf9f938ff9cd00ee9a6f199ebc1b0cc47384cff2aa03183d802e859c3fac30430ae7d7f334d6291d97']
f81320b6-8612-42e7-bde4-6164a17078f1,46,FERNANDO ORUE,ANDRÉS CHUQUITAPA,Fernando Orue mencionó a Andrés Chuquitapa en el contexto de un motín y encarcelamiento que afectó a su familia.,1.0,13,['5820a90c905d8b7be94bf0f50625f67e90e2f2aea63590cf9f938ff9cd00ee9a6f199ebc1b0cc47384cff2aa03183d802e859c3fac30430ae7d7f334d6291d97']
59603e67-67a4-464a-a531-0fb2cdb304d1,47,ANDRÉS CHUQUITAPA,JUAN ANTONIO REPARAZ,"Durante el tiempo de Juan Antonio Reparaz como corregidor, Andrés Chuquitapa estuvo involucrado en eventos de motín y encarcelamiento.",6.0,12,['5820a90c905d8b7be94bf0f50625f67e90e2f2aea63590cf9f938ff9cd00ee9a6f199ebc1b0cc47384cff2aa03183d802e859c3fac30430ae7d7f334d6291d97']
5f7f9440-5ec9-404a-a1a1-95d95d107a4b,48,ANDRÉS CHUQUITAPA,DIEGO ORUE,"Andrés Chuquitapa encarceló a Diego Orue, lo que provocó un motín en su contra.",7.0,12,['5820a90c905d8b7be94bf0f50625f67e90e2f2aea63590cf9f938ff9cd00ee9a6f199ebc1b0cc47384cff2aa03183d802e859c3fac30430ae7d7f334d6291d97']
a29863cd-7169-42c0-bd16-d860a01fdddc,49,ANDRÉS CHUQUITAPA,CORRAL DE CHUQUITAPA,"El corral de Chuquitapa es el lugar relacionado con el encarcelamiento de Diego Orue, que llevó a un motín.",1.0,12,['5820a90c905d8b7be94bf0f50625f67e90e2f2aea63590cf9f938ff9cd00ee9a6f199ebc1b0cc47384cff2aa03183d802e859c3fac30430ae7d7f334d6291d97']
eaa7b4ec-5e3b-4d34-940b-d9783fff5834,50,MANUEL HUANCACHOQUE,ANTOLÍN ORTIZ,"Manuel Huancachoque es hijo de Antolín Ortiz, un conocido caudillo insurrecto.",7.0,36,['def17fb0e1737486aa172a878494bfb1e4a549eb4cb10ce54e7568ca71ee7775162868494aa2ac1f2a473bc91fd7b6e8ca742ae28099ab10b55bc72d2dc240e9']
0bb7eaaf-32a5-4692-b8df-c2747ef88207,51,MANUEL HUANCACHOQUE,AGUSTINA FALCÓN,Manuel Huancachoque es hijo de Agustina Falcón.,6.0,34,['def17fb0e1737486aa172a878494bfb1e4a549eb4cb10ce54e7568ca71ee7775162868494aa2ac1f2a473bc91fd7b6e8ca742ae28099ab10b55bc72d2dc240e9']
8f7bcf33-b125-4f95-aecc-b0193ad14cf2,52,MANUEL HUANCACHOQUE,PEDRO DE MATA,Pedro de Mata solicita información sobre la conducta de Manuel Huancachoque en Tinta.,6.0,34,['def17fb0e1737486aa172a878494bfb1e4a549eb4cb10ce54e7568ca71ee7775162868494aa2ac1f2a473bc91fd7b6e8ca742ae28099ab10b55bc72d2dc240e9']
0165682e-7ce5-468b-a0b1-a54e95070f58,53,MANUEL HUANCACHOQUE,ATANASIO SOTELO,Atanasio Sotelo estuvo presente durante un incidente escandaloso protagonizado por Manuel Huancachoque en Tinta.,5.0,34,['def17fb0e1737486aa172a878494bfb1e4a549eb4cb10ce54e7568ca71ee7775162868494aa2ac1f2a473bc91fd7b6e8ca742ae28099ab10b55bc72d2dc240e9']
dea7a0ff-d76e-414f-9e3a-706ba85a54b4,54,MANUEL HUANCACHOQUE,ANTONIO VALDÉS,Antonio Valdés es el tío del párroco interino que tiene información sobre la conducta de Manuel Huancachoque.,5.0,34,['def17fb0e1737486aa172a878494bfb1e4a549eb4cb10ce54e7568ca71ee7775162868494aa2ac1f2a473bc91fd7b6e8ca742ae28099ab10b55bc72d2dc240e9']
e92c13d1-5bf1-4aea-9460-fc6db4356b53,55,MANUEL HUANCACHOQUE,DOCTRINA,La Doctrina es la comunidad donde se encuentra el párroco interino que tiene información sobre Manuel Huancachoque.,1.0,34,['def17fb0e1737486aa172a878494bfb1e4a549eb4cb10ce54e7568ca71ee7775162868494aa2ac1f2a473bc91fd7b6e8ca742ae28099ab10b55bc72d2dc240e9']
7c3a2abc-891e-4d78-802e-1fd830d21fe8,56,ANTOLÍN ORTIZ,JOSÉ CONDORCANQUI,"Antolín Ortiz fue uno de los caudillos que apoyó la insurrección liderada por José Condorcanqui, alias Túpac Amaru.",8.0,4,['def17fb0e1737486aa172a878494bfb1e4a549eb4cb10ce54e7568ca71ee7775162868494aa2ac1f2a473bc91fd7b6e8ca742ae28099ab10b55bc72d2dc240e9']
ac62e4b3-f3f9-4aa9-a6c6-18d9d089f2c0,57,ANTOLÍN ORTIZ,TÚPAC AMARU,Antolín Ortiz fue uno de los caudillos que apoyó la insurrección liderada por Túpac Amaru.,8.0,8,['def17fb0e1737486aa172a878494bfb1e4a549eb4cb10ce54e7568ca71ee7775162868494aa2ac1f2a473bc91fd7b6e8ca742ae28099ab10b55bc72d2dc240e9']
02af78af-8d8e-418f-b8d5-6122d3fe8a08,58,JUAN CAZORLA,JUAN QUIÑONES,Juan Cazorla aparece como firmante de una certificación a nombre del teniente alguacil Don Juan Quiñones.,1.0,4,['def17fb0e1737486aa172a878494bfb1e4a549eb4cb10ce54e7568ca71ee7775162868494aa2ac1f2a473bc91fd7b6e8ca742ae28099ab10b55bc72d2dc240e9']
fab5aa69-8637-44f1-9853-83331750b2f9,59,MANUEL HUANCACHOQUE,AGUSTÍN VALDÉS,"Agustín Valdés proporcionó un informe sobre la conducta de Manuel Huancachoque, describiéndolo como enemigo de la paz y el sosiego.",12.0,34,['fbdc3cae34b0ce0aecfcac241bdf2ab820cbcdaa5997e0c88497bad01a145afcf23b4914f5b4818de3c6f3bbf102c573f3ed105bb3476ffe7476f3aa6f9f3c5b']
9e59b399-074d-4379-a094-81fd3920d85a,60,ANDRÉS CHUQUITAPA,AYLLUS TINTA Y UCHO,"Andrés Chuquitapa es el recaudador de tributos de los Ayllus Tinta y Ucho, comunidades mencionadas en las denuncias.",7.0,12,['fbdc3cae34b0ce0aecfcac241bdf2ab820cbcdaa5997e0c88497bad01a145afcf23b4914f5b4818de3c6f3bbf102c573f3ed105bb3476ffe7476f3aa6f9f3c5b']
76535ec6-2d1c-4040-b92d-852100ddbc81,61,PEDRO DE LA MATA,FRANCISCO MUÑOZ,Francisco Muñoz es el presidente que debe recibir el informe de Pedro de la Mata sobre el caso de Manuel Huancachoque.,10.0,5,['fbdc3cae34b0ce0aecfcac241bdf2ab820cbcdaa5997e0c88497bad01a145afcf23b4914f5b4818de3c6f3bbf102c573f3ed105bb3476ffe7476f3aa6f9f3c5b']
ca2477dd-9b34-4dee-946e-afee21a91610,62,PEDRO DE LA MATA,SIQUANI,Siquani es el lugar desde donde Pedro de la Mata envió su informe sobre el caso de Manuel Huancachoque.,8.0,4,['fbdc3cae34b0ce0aecfcac241bdf2ab820cbcdaa5997e0c88497bad01a145afcf23b4914f5b4818de3c6f3bbf102c573f3ed105bb3476ffe7476f3aa6f9f3c5b']
b5f71b3b-dd87-47a3-97f8-54a637e59715,63,FRANCISCO MUÑOZ,CLEMENTE,Francisco Muñoz y Clemente están involucrados en la revisión de documentos relacionados con el caso de Manuel Huancachoque.,1.0,3,['fbdc3cae34b0ce0aecfcac241bdf2ab820cbcdaa5997e0c88497bad01a145afcf23b4914f5b4818de3c6f3bbf102c573f3ed105bb3476ffe7476f3aa6f9f3c5b']
6e1d59a3-c159-44e8-aaeb-8806361c8aaf,64,MANUEL HUANCACHOQUE,SUBDELEGADO DEL PARTIDO DE TINTA,El subdelegado del partido de Tinta es responsable de tomar medidas para corregir y contener a Manuel Huancachoque debido a sus quejas contra Andrés Chuquitapa.,7.0,34,['169b8e27bd606bf36304b2dc773aaefa6e11439128f79115887e23cb492ab716e0d56278909e89c694ebaf6bb447a98d9803a593225515c7c86c194ecf7c338d']
0c0bf621-7ace-49bc-a0d1-8402af79bcce,65,CUZCO,GONZALO DEL RÍO,Gonzalo del Río participó en la revisión de órdenes emitidas en Cuzco relacionadas con el caso de Manuel Huancachoque.,5.0,5,['169b8e27bd606bf36304b2dc773aaefa6e11439128f79115887e23cb492ab716e0d56278909e89c694ebaf6bb447a98d9803a593225515c7c86c194ecf7c338d']
cf1fcc30-160a-4c33-9d01-b56e54a8d9c7,66,GONZALO DEL RÍO,LUCIO GONZALO DEL RÍO,"Lucio Gonzalo del Río y Gonzalo del Río parecen ser la misma persona, una autoridad involucrada en el caso de Manuel Huancachoque.",1.0,3,['169b8e27bd606bf36304b2dc773aaefa6e11439128f79115887e23cb492ab716e0d56278909e89c694ebaf6bb447a98d9803a593225515c7c86c194ecf7c338d']
f8fd9699-a575-4717-8638-b91ae9c40387,67,MATÍAS UGARTE,URUBAMBA,Matías Ugarte es un notario público que certifica documentos en la provincia de Urubamba.,1.0,2,['169b8e27bd606bf36304b2dc773aaefa6e11439128f79115887e23cb492ab716e0d56278909e89c694ebaf6bb447a98d9803a593225515c7c86c194ecf7c338d']
